streamers,xQcOW,NICKMERCS,summit1g,TOTAL
peak_viewers,87831.0,69157.0,39279.0,87831.0
hours_watched,132740.53333333333,66019.06666666667,51529.86666666667,250289.46666666665
avg_viewers,79644.32,47724.6265060241,35134.0,54167.648835341366
